PM0001	LA TOUR-DU-PIN
PM0002	CHANAS
PM0003	ROUSSILLON
PM0004	SAINT-CLAIR-DU-RHONE
PM0005	SAINT HILAIRE DE LA COTE
PM0006	SAINT-CLAIR-DU-RHONE
PM0007	CHABONS
PM0008	ROUSSILLON
PM0009	IZEAUX
PM0010	FRONTONAS
PM0011	MARCILLOLES
PM0012	ASSIEU
PM0013	SAINT-CLAIR-DU-RHONE
PM0014	IZEAUX
PM0015	PONTCHARRA
PM0016	CHANAS
PM0017	ALLEVARD
PM0018	CHANAS
PM0019	FRONTONAS
PM0020	CHIRENS
PM0021	SAINT MAURICE L'EXIL
PM0022	ROUSSILLON
PM0023	LE TOUVET
PM0024	SAINT MAURICE L'EXIL
PM0025	IZEAUX
PM0026	FRONTONAS
PM0027	LE TOUVET
PM0028	LA TERRASSE
PM0029	ROUSSILLON
PM0030	CHANAS
PM0031	SAINT-CLAIR-DU-RHONE
PM0032	LA TERRASSE
PM0033	BEAUREPAIRE
PM0034	FRONTONAS
PM0035	FRONTONAS
PM0036	LA TERRASSE
PM0037	LA TERRASSE
PM0038	CHABONS
PM0039	LA TERRASSE
PM0040	MARCILLOLES
PM0041	VILLEFONTAINE
PM0042	CHANAS
PM0043	SAINT CHEF
PM0044	SAINT JEAN DE DE BOURNAY
PM0045	SAINT-HILAIRE-DE-LA-COTE
PM0046	IZEAUX
PM0047	SAINT-CLAIR-DU-RHONE
PM0048	ROUSSILLON
PM0049	VILLEFONTAINE
PM0050	CHARVIEU-CHAVAGNEUX
PM0051	SAINT LAURENT DU PONT
PM0052	IZEAUX
PM0053	PONT_DE_CHERUY
PM0054	PONT_DE_CHERUY
PM0055	PONT_DE_CHERUY
PM0056	MONTALIEU VERCIEU
PM0057	VIZILLE
PM0058	PONT_DE_CHERUY
PM0059	VOREPPE
PM0060	LE TOUVET
PM0061	CHAMROUSSE
PM0062	IZEAUX
PM0063	PONT_DE_CHERUY
PM0064	COLOMBE
PM0065	LES EPARRES
PM0066	SAINT-ISMIER
PM0067	AUTRANS
PM0068	MORESTEL
PM0069	AOSTE
PM0070	LA TERRASSE
PM0071	SAINT CHEF
PM0072	VILLARD-BONNOT
PM0073	VILLARD-BONNOT
PM0074	ALLEMONT
PM0075	AUTRANS
PM0076	VILLARD-BONNOT
PM0077	VIZILLE
PM0078	VIZILLE
PM0079	VILLARD-BONNOT
PM0080	LA TERRASSE
PM0081	VILLARD-BONNOT
PM0082	ALLEMONT
PM0083	VENOSC
PM0084	LA TOUR-DU-PIN
PM0085	MONT DE LANS
PM0086	HUEZ
PM0087	AOSTE
PM0088	MORESTEL
PM0089	AURIS
PM0090	MORESTEL
PM0091	SAINT-ISMIER
PM0092	LA TOUR-DU-PIN
PM0093	SAINT-ISMIER
PM0094	SAINT-PAUL-LES-MONESTIER
PM0095	SAINT-SAVIN
PM0096	AUTRANS
PM0097	ROUSSILLON
PM0098	ALLEMONT
PM0099	AOSTE
PM0100	SAINT MAURICE L'EXIL
PM0101	MORESTEL
PM0102	VIZILLE
PM0103	SAINT MAURICE L'EXIL
PM0104	LE PONT DE BEAUVOISIN
PM0105	SAINT CHEF
PM0106	SAINT-ISMIER
PM0107	IZERON
PM0108	SAINT LAURENT DU PONT
PM0109	IZERON
PM0110	MOIRANS
PM0111	MOIRANS
PM0112	RIVES
PM0113	MORESTEL
PM0114	AOSTE
PM0115	VIZILLE
PM0116	SAINT-PAUL-LES-MONESTIER
PM0117	PONT_DE_CHERUY
PM0118	VOREPPE
PM0119	HUEZ
PM0120	AOSTE
PM0121	CHAMROUSSE
PM0122	ROUSSILLON
PM0123	MORESTEL
PM0124	ROUSSILLON
PM0125	LE TOUVET
PM0126	SAINT-ISMIER
PM0127	SAINT-ISMIER
PM0128	CHATONNAY
PM0129	SAINT-GEORGES-D'ESPERANCHE
PM0130	SAINT-GEORGES-D'ESPERANCHE
PM0131	LA TERRASSE
PM0132	SAINT-GEORGES-D'ESPERANCHE
PM0133	MORESTEL
PM0134	SAINT-ISMIER
PM0135	SAINT-PAUL-LES-MONESTIER
PM0136	PONT_DE_CHERUY
PM0137	VIZILLE
PM0138	VOREPPE
PM0139	SAINT-PAUL-LES-MONESTIER
PM0140	SAINT-PAUL-LES-MONESTIER
PM0141	ROYBON
PM0142	AOSTE
PM0143	SAINT GEOIRE EN VALDAINE
PM0144	SAINT-MARTIN-D'URIAGE
PM0145	SAINT-ISMIER
PM0146	LE TOUVET
PM0147	ALLEMONT
PM0148	AUTRANS
PM0149	VIZILLE
PM0150	LE TOUVET
PM0151	PONT_DE_CHERUY
PM0152	AUTRANS
PM0153	SAINT CHEF
PM0154	MORESTEL
PM0155	IZERON
PM0156	VINAY
PM0157	MONTALIEU VERCIEU
PM0158	MONTALIEU VERCIEU
PM0159	VILLARD-BONNOT
PM0160	VILLARD DE LANS
PM0161	LE PONT DE BEAUVOISIN
PM0162	LE PONT DE BEAUVOISIN
PM0163	CHAMROUSSE
PM0164	CHAMROUSSE
PM0165	VILLARD DE LANS
PM0166	JARRIE
PM0167	LANS EN VERCORS
PM0168	MONTALIEU VERCIEU
PM0169	SAINT MAURICE L'EXIL
PM0170	VILLARD-BONNOT
PM0171	CHARVIEU-CHAVAGNEUX
PM0172	CHARVIEU-CHAVAGNEUX
PM0173	ANJOU
PM0174	JARRIE
PM0175	SAINT PIERRE EN CHARTREUSE
PM0176	VILLARD-BONNOT
PM0177	LANS EN VERCORS
PM0178	CREMIEU
PM0179	MONTALIEU VERCIEU
PM0180	CHARVIEU-CHAVAGNEUX
PM0181	MENS
PM0182	CHARVIEU-CHAVAGNEUX
PM0183	SAINT PIERRE EN CHARTREUSE
PM0184	VILLARD-BONNOT
PM0185	JARRIE
PM0186	PONT_DE_CHERUY
PM0187	LE PONT DE BEAUVOISIN
PM0188	PONT_DE_CHERUY
PM0189	LANS EN VERCORS
PM0190	LA MOTTE D'AVEILLANS
PM0191	COUBLEVIE
PM0192	CHAMROUSSE
PM0193	JARRIE
PM0194	COUBLEVIE
PM0195	VILLARD-BONNOT
PM0196	VILLARD-BONNOT
PM0197	JARRIE
PM0198	MONTALIEU VERCIEU
PM0199	LE PONT DE BEAUVOISIN
PM0200	COUBLEVIE
PM0201	JARRIE
PM0202	MENS
PM0203	CHASSELAY
PM0204	CROLLES
PM0205	PERCY
PM0206	LANS EN VERCORS
PM0207	SAINT PIERRE EN CHARTREUSE
PM0208	MONTBONNOT-SAINT-MARTIN
PM0209	VILLARD-BONNOT
PM0210	RIVES
PM0211	MORESTEL
PM0212	CHARVIEU-CHAVAGNEUX
PM0213	LE PONT DE BEAUVOISIN
PM0214	MORESTEL
PM0215	RIVES
PM0216	JARRIE
PM0217	SAINT BONNET DE CHAVAGNE
PM0218	SAINT BONNET DE CHAVAGNE
PM0219	SAINT MARCELLIN
PM0220	LA MURE
PM0221	SAINT MARCELLIN
PM0222	SAINT MARCELLIN
PM0223	SAINT MARCELLIN
PM0224	JARRIE
PM0225	SAINT ETIENNE DE CROSSEY
PM0226	MONTALIEU VERCIEU
PM0227	SAINT ETIENNE DE CROSSEY
PM0228	IZEAUX
PM0229	SAINT GEOIRE EN VALDAINE
PM0230	VAULNAVEYS-LE-HAUT
PM0231	CHIRENS
PM0232	CHIRENS
PM0233	MONT DE LANS
PM0234	MONT DE LANS
PM0235	CHIRENS
PM0236	LES ADRETS
PM0237	MONT DE LANS
PM0238	MONT DE LANS
PM0239	VAULNAVEYS-LE-HAUT
PM0240	VAULNAVEYS-LE-HAUT
PM0241	SAINT LAURENT DU PONT
PM0242	SAINT LAURENT DU PONT
PM0243	VIRIEU
PM0244	VILETTE D'ANTHON
PM0245	MONTALIEU VERCIEU
PM0246	SAINT BONNET DE CHAVAGNE
PM0247	TIGNEUX-JAMEZIEU
PM0248	LES AVENIERES VEYRINS THUELLIN
PM0249	SAINT LAURENT DU PONT
PM0250	LES AVENIERES VEYRINS THUELLIN
PM0251	TIGNEUX-JAMEZIEU
PM0252	SAINT LAURENT DU PONT
PM0253	MONT DE LANS
PM0254	MONT DE LANS
PM0255	LA FERRIERE
PM0256	VAULNAVEYS-LE-HAUT
PM0257	AUTRANS
PM0258	LES ADRETS
PM0259	CROLLES
PM0260	TIGNEUX-JAMEZIEU
PM0261	SAINT LAURENT DU PONT
PM0262	SAINT LAURENT DU PONT
PM0263	MONTBONNOT-SAINT-MARTIN
PM0264	ASSIEU
PM0265	SAINT ANDRE LE GAZ
PM0266	SAINT BONNET DE CHAVAGNE
PM0267	LE PONT DE BEAUVOISIN
PM0268	LE PONT DE BEAUVOISIN
PM0269	MONTBONNOT-SAINT-MARTIN
PM0270	MONT DE LANS
PM0271	JARRIE
PM0272	MONT DE LANS
PM0273	MONT DE LANS
PM0274	LES ADRETS
PM0275	VILLARD-BONNOT
PM0276	SAINT MARCELLIN
PM0277	SAINT LAURENT DU PONT
PM0278	CROLLES
PM0279	MONTBONNOT-SAINT-MARTIN
PM0280	TULLINS
PM0281	VAULNAVEYS-LE-HAUT
PM0282	SAINT-BARTHELEMY-DE-SECHILIENNE
PM0283	CHARVIEU-CHAVAGNEUX
PM0284	SAINT LAURENT DU PONT
PM0285	VILETTE D'ANTHON
PM0286	MENS
PM0287	SAINT BONNET DE CHAVAGNE
PM0288	SAINT BONNET DE CHAVAGNE
PM0289	TIGNEUX-JAMEZIEU
PM0290	PONT EN ROYANS
PM0291	VIRIEU
PM0292	PRESLES
PM0293	LES ADRETS
PM0294	MONTBONNOT-SAINT-MARTIN
PM0295	PRESLES
PM0296	VAULNAVEYS-LE-HAUT
PM0297	IZERON
PM0298	AOSTE
PM0299	AOSTE
PM0300	MONTBONNOT-SAINT-MARTIN
PM0301	VAULNAVEYS-LE-HAUT
PM0302	MONT DE LANS
PM0303	LA CHAPELLE DE LA TOUR
PM0304	LA CHAPELLE DE LA TOUR
PM0305	VILLARD-BONNOT
PM0306	TIGNEUX-JAMEZIEU
PM0307	SAINT-GEORGES-D'ESPERANCHE
PM0308	MONT DE LANS
PM0309	VAULNAVEYS-LE-HAUT
PM0310	MENS
PM0311	HIERES SUR AMBY
PM0312	MONTBONNOT-SAINT-MARTIN
PM0313	MONT DE LANS
PM0314	LES ADRETS
PM0315	TIGNEUX-JAMEZIEU
PM0316	CHATONNAY
PM0317	SAINT-MARTIN-D'URIAGE
PM0318	TULLINS
PM0319	LA TOUR-DU-PIN
PM0320	LA TOUR-DU-PIN
PM0321	SAINT-PAUL-LES-MONESTIER
PM0322	SAINT-PAUL-LES-MONESTIER
PM0323	PONT EN ROYANS
PM0324	MORESTEL
PM0325	MORESTEL
PM0326	MORESTEL
PM0327	MORESTEL
PM0328	VINAY
PM0329	HUEZ
PM0330	PONT EN ROYANS
PM0331	LA MOTTE D'AVEILLANS
PM0332	SAINT-MARTIN-D'URIAGE
PM0333	SAINT-MARTIN-D'URIAGE
PM0334	SAINT GEOIRE EN VALDAINE
PM0335	SAINT GEOIRE EN VALDAINE
PM0336	CHAMROUSSE
PM0337	VINAY
PM0338	ROYBON
PM0339	SAINT JEAN DE DE BOURNAY
PM0340	SAINT PIERRE DE CHARTREUSE
PM0341	CHAMROUSSE
PM0342	LA MOTTE D'AVEILLANS
PM0343	SAINT LAURENT DU PONT
PM0344	SAINT LAURENT DU PONT
PM0345	HUEZ
PM0346	CHAMROUSSE
PM0347	PONT EN ROYANS
PM0348	LA TOUR-DU-PIN
PM0349	LA MOTTE D'AVEILLANS
PM0350	LE SAPPEY-EN-CHARTREUSE
PM0351	LES ADRETS
PM0352	CORPS
PM0353	LA MOTTE D'AVEILLANS
PM0354	HUEZ
PM0355	COUBLEVIE
PM0356	VILLARD-BONNOT
PM0357	SAINT-MARTIN-D'URIAGE
PM0358	SAINT-MARTIN-D'URIAGE
PM0359	PONT EN ROYANS
PM0360	HUEZ
PM0361	LA MOTTE D'AVEILLANS
PM0362	VINAY
PM0363	VINAY
PM0364	HUEZ
PM0365	HUEZ
PM0367	LA MOTTE D'AVEILLANS
PM0368	VINAY
PM0369	VINAY
PM0372	SAINT GEOIRE EN VALDAINE
PM0373	HUEZ
PM0375	PONT_DE_CHERUY
PM0376	HUEZ
PM0377	LA MOTTE D'AVEILLANS
PM0382	CHEVRIERES
PM0383	VILLARD DE LANS
PM0384	CHEVRIERES
PM0385	MORESTEL
PM0386	TULLINS
PM0387	MORESTEL
PM0388	LE BOURG-D'OISANS
PM0389	SAINT-BARTHELEMY-DE-SECHILIENNE
PM0390	CREMIEU
PM0391	PONTCHARRA
PM0392	CREMIEU
PM0393	CREMIEU
PM0394	CREMIEU
PM0395	CREMIEU
PM0396	PONTCHARRA
PM0397	CREMIEU
PM0398	PONTCHARRA
PM0399	CREMIEU
PM0400	TULLINS
PM0401	CREMIEU
PM0404	VILLARD DE LANS
PM0405	LES AVENIERES VEYRINS THUELLIN
PM0406	VILLARD DE LANS
PM0407	LES AVENIERES VEYRINS THUELLIN
PM0408	ALLEMONT
PM0409	LA MURE
PM0411	SAINT MARCELLIN
PM0413	TULLINS
PM0414	TULLINS
PM0416	LE BOURG-D'OISANS
PM0417	SAINT-BARTHELEMY-DE-SECHILIENNE
PM0418	PONTCHARRA
PM0422	LA MURE
PM0423	VILLARD DE LANS
PM0425	CREMIEU
PM0426	CREMIEU
PM0428	CROLLES
PM0429	PONTCHARRA
PM0431	LA TERRASSE
PM0432	LA TERRASSE
PM0434	VILLARD DE LANS
PM0438	CREMIEU
PM0439	LES AVENIERES VEYRINS THUELLIN
PM0440	TULLINS
PM0441	TULLINS
PM0443	VILLARD DE LANS
PM0444	SAINT MARCELLIN
PM0445	VILLARD DE LANS
PM0446	VILLARD DE LANS
PM0447	PONTCHARRA
PM0448	PONTCHARRA
PM0451	PONTCHARRA
PM0452	PONTCHARRA
PM0453	SAINT-GEORGES-D'ESPERANCHE
PM0454	LA MURE
PM0459	TULLINS
PM0461	CREMIEU
PM0462	CREMIEU
PM0463	LES AVENIERES VEYRINS THUELLIN
PM0464	LA MURE
PM0466	LA MURE
PM0469	VILLARD DE LANS
PM0470	LES AVENIERES VEYRINS THUELLIN
PM0475	CREMIEU
PM0482	LES AVENIERES VEYRINS THUELLIN
PM0486	CREMIEU
PM0488	LA MURE
PM0490	TULLINS
PM0491	CROLLES
PM0493	VILLARD DE LANS
PM0494	VILLARD DE LANS
PM0495	PONTCHARRA
PM0499	LA MURE
PM0500	VINAY
PM0501	LA MURE
PM0502	LA MURE
PM0503	ALLEVARD
PM0504	ALLEVARD
PM0505	ALLEVARD
PM0506	ENTRAIGUES
PM0507	VILETTE D'ANTHON
PM0508	VINAY
PM0509	VILLARD-BONNOT
PM0510	VINAY
PM0511	VINAY
PM0512	MONT DE LANS
PM0513	VILLARD DE LANS
PM0514	HIERES SUR AMBY
PM0515	CROLLES
PM0516	VILLARD DE LANS
PM0517	CROLLES
PM0518	VILETTE D'ANTHON
PM0519	VILLARD DE LANS
PM0520	VILETTE D'ANTHON
PM0524	CROLLES
PM0528	LANS EN VERCORS
PM0529	SAINT MARCELLIN
PM0531	ALLEVARD
PM0533	CROLLES
PM0534	CROLLES
PM0535	ALLEVARD
PM0537	SAINT MARCELLIN
PM0539	LIVET-ET-GAVET
PM0543	VILETTE D'ANTHON
PM0544	HIERES SUR AMBY
PM0545	ALLEVARD
PM0546	LA FERRIERE
PM0547	ALLEVARD
PM0548	HIERES SUR AMBY
PM0549	VILLARD-BONNOT
PM0550	CHANAS
PM0551	VILETTE D'ANTHON
PM0552	CHANAS
PM0553	SAINT MARCELLIN
PM0555	SAINT MARCELLIN
PM0557	LA TERRASSE
PM0558	MONT DE LANS
PM0560	SAINT MARCELLIN
PM0561	ALLEVARD
PM0564	CROLLES
PM0565	SAINT MARCELLIN
PM0567	CROLLES
PM0568	SAINT MARCELLIN
PM0569	SAINT ANDRE LE GAZ
PM0570	SAINT-ETIENNE-DE-SAINT-GEOIRS
PM0571	RIVES
PM0573	ASSIEU
PM0575	SAINT-ETIENNE-DE-SAINT-GEOIRS
PM0576	SAINT ANDRE LE GAZ
PM0577	LA TOUR-DU-PIN
PM0580	SAINT JEAN DE DE BOURNAY
PM0581	CHIRENS
PM0583	PENOL
PM0584	ASSIEU
PM0585	IZEAUX
PM0586	VOREPPE
PM0587	COUBLEVIE
PM0588	LA VERPILLIERE
PM0589	SAINT ANDRE LE GAZ
PM0590	SAINT-ETIENNE-DE-SAINT-GEOIRS
PM0592	RIVES
PM0593	LA VERPILLIERE
PM0596	BIOL
PM0597	COUBLEVIE
PM0598	SAINT-ETIENNE-DE-SAINT-GEOIRS
PM0599	IZEAUX
PM0600	SAINT-GEORGES-D'ESPERANCHE
PM0602	MARCILLOLES
PM0603	SAINT ANDRE LE GAZ
PM0604	SAINT ANDRE LE GAZ
PM0607	SAINT ANDRE LE GAZ
PM0608	BELLEGARDE-POUSSIEU
PM0609	L'ISLE-D'ABEAU
PM0612	LA TOUR-DU-PIN
PM0613	LA TOUR-DU-PIN
PM0614	SAINT-ETIENNE-DE-SAINT-GEOIRS
PM0615	CHIRENS
PM0616	LA TOUR-DU-PIN
PM0617	SAINT-ETIENNE-DE-SAINT-GEOIRS
PM0622	PENOL
PM0623	LA VERPILLIERE
PM0625	L'ISLE-D'ABEAU
PM0626	LA TOUR-DU-PIN
PM0627	LA TOUR-DU-PIN
PM0629	LA TOUR-DU-PIN
PM0630	L'ISLE-D'ABEAU
PM0631	LA TOUR-DU-PIN
PM0632	CHIRENS
PM0634	SAINT ANDRE LE GAZ
PM0635	LA VERPILLIERE
PM0636	PENOL
PM0637	COUBLEVIE
PM0643	LA TOUR-DU-PIN
PM0646	RIVES
PM0648	BELLEGARDE-POUSSIEU
PM0649	L'ISLE-D'ABEAU
PM0650	NIVOLAS-VERMELLE
PM0651	RIVES
PM0654	LA CHAPELLE DE LA TOUR
PM0658	LA CHAPELLE DE LA TOUR
PM0659	RIVES
PM0660	SAINT ANDRE LE GAZ
PM0661	ROUSSILLON
PM0664	LA COTE-SAINT-ANDRE
PM0665	LA COTE-SAINT-ANDRE
PM0666	MOIRANS
PM0668	RIVES
PM0670	LA COTE-SAINT-ANDRE
PM0673	COUBLEVIE
PM0675	RIVES
PM0681	CHABONS
PM0683	LA CHAPELLE DE LA TOUR
PM0684	MOIRANS
PM0685	RIVES
PM0687	LA CHAPELLE DE LA TOUR
PM0688	LA COTE-SAINT-ANDRE
PM0689	SAINT-HILAIRE-DE-BRENS
PM0690	SAINT ANDRE LE GAZ
PM0691	LA CHAPELLE DE LA TOUR
PM0692	RIVES
PM0693	BELLEGARDE-POUSSIEU
PM0695	ASSIEU
PM0698	ROUSSILLON
PM0701	NIVOLAS-VERMELLE
PM0703	SAINT ANDRE LE GAZ
PM0704	TULLINS
PM0705	NIVOLAS-VERMELLE
PM0708	NIVOLAS-VERMELLE
PM0709	SAINT-CLAIR-DU-RHONE
PM0710	SAINT-CLAIR-DU-RHONE
PM0711	NIVOLAS-VERMELLE
PM0712	NIVOLAS-VERMELLE
PM0713	CROLLES
PM0714	SAINT-CLAIR-DU-RHONE
PM0715	CROLLES
PM0716	LA COTE-SAINT-ANDRE
PM0717	SAINT-QUENTIN-FALLAVIER
PM0718	SAINT MAURICE L'EXIL
PM0719	CHATONNAY
PM0720	MONTALIEU VERCIEU
PM0721	SAINT-QUENTIN-FALLAVIER
PM0722	BEAUREPAIRE
PM0724	SAINT JEAN DE DE BOURNAY
PM0725	MONTFERRAT
PM0726	MONTFERRAT
PM0727	L'ISLE-D'ABEAU
PM0728	L'ISLE-D'ABEAU
PM0729	BEAUREPAIRE
PM0730	SAINT JEAN DE DE BOURNAY
PM0731	SAINT-QUENTIN-FALLAVIER
PM0732	ANJOU
PM0733	SAINT-QUENTIN-FALLAVIER
PM0734	BEAUREPAIRE
PM0735	VILLEFONTAINE
PM0736	NIVOLAS-VERMELLE
PM0737	CHATONNAY
PM0738	MONTFERRAT
PM0739	REVEL-TOURDAN
PM0740	L'ISLE-D'ABEAU
PM0741	L'ISLE-D'ABEAU
PM0742	SAINT ANDRE LE GAZ
PM0743	SAINT ANDRE LE GAZ
PM0744	LANS EN VERCORS
PM0745	AOSTE
PM0746	MONTFERRAT
PM0747	SAINT MAURICE L'EXIL
PM0748	VIRIEU
PM0749	L'ISLE-D'ABEAU
PM0750	L'ISLE-D'ABEAU
PM0751	L'ISLE-D'ABEAU
PM0752	BEAUREPAIRE
PM0755	L'ISLE-D'ABEAU
PM0756	MONTFERRAT
PM0759	L'ISLE-D'ABEAU
PM0760	L'ISLE-D'ABEAU
PM0764	SAINT-GEORGES-D'ESPERANCHE
PM0765	VILLEFONTAINE
PM0766	SAINT-SIMEON-DE-BRESSIEUX
PM0767	HEYRIEUX
PM0768	HEYRIEUX
PM0769	HEYRIEUX
PM0770	PENOL
PM0772	MOIRANS
PM0774	COLOMBE
PM0775	COLOMBE
PM0776	CHABONS
PM0777	VILLARD DE LANS
PM0780	ASSIEU
PM0781	MOIRANS
PM0783	HEYRIEUX
PM0786	REVEL-TOURDAN
PM0788	MOIRANS
PM0789	MOIRANS
PM0790	SAINT-QUENTIN-FALLAVIER
PM0791	COLOMBE
PM0793	ROUSSILLON
PM0795	SAINT-GEORGES-D'ESPERANCHE
PM0796	LES EPARRES
PM0797	VILLEFONTAINE
PM0798	HEYRIEUX
PM0799	SAINT-SIMEON-DE-BRESSIEUX
PM0800	ROUSSILLON
PM0801	REVEL-TOURDAN
PM0803	LES EPARRES
PM0804	REVEL-TOURDAN
PM0808	MOIRANS
PM0812	ROUSSILLON
PM0813	ROUSSILLON
PM0815	SAINT-GEORGES-D'ESPERANCHE
PM0817	HEYRIEUX
PM0818	COLOMBE
PM0819	COUBLEVIE
PM0821	VILLEFONTAINE
PM0823	MOIRANS
PM0825	SAINT-SIMEON-DE-BRESSIEUX
PM0828	MOIRANS
PM0829	SAINT-ETIENNE-DE-SAINT-GEOIRS
PM0831	VIRIEU
PM0832	SAINT JEAN DE DE BOURNAY
PM0834	VILLEFONTAINE
PM0838	SAINT ETIENNE DE CROSSEY
PM0842	VILLEFONTAINE
PM0843	SAINT CHEF
PM0845	SAINT JEAN DE DE BOURNAY
PM0846	SAINT ETIENNE DE CROSSEY
PM0849	SAINT-HILAIRE-DE-LA-COTE
PM0850	VILLEFONTAINE
PM0852	GRESSE-EN-VERCORS
PM0853	GRESSE-EN-VERCORS
PM0854	VILLEFONTAINE
PM0858	SAINT-HILAIRE-DE-LA-COTE
PM0859	BIOL
PM0861	LA COTE-SAINT-ANDRE
PM0862	SAINT ETIENNE DE CROSSEY
PM0863	ANJOU
PM0864	MONTALIEU VERCIEU
PM0865	SAINT JEAN DE DE BOURNAY
PM0866	VILLEFONTAINE
PM0867	SAINT JEAN DE DE BOURNAY
PM0868	VILLEFONTAINE
PM0871	BIOL
PM0872	LA TOUR-DU-PIN
PM0873	SAINT JEAN DE DE BOURNAY
PM0874	ANJOU
PM0877	VILLEFONTAINE
PM0879	VILLEFONTAINE
PM0880	LE SAPPEY-EN-CHARTREUSE
PM0881	LE SAPPEY-EN-CHARTREUSE
PM0882	VILLEFONTAINE
PM0883	SAINT-GEORGES-D'ESPERANCHE
PM0887	MONT DE LANS
PM0888	AURIS
PM0889	ALLEMONT
PM0890	MONT DE LANS
PM0891	VIZILLE
PM0894	SAINT-CLAIR-DU-RHONE
PM0895	SAINT-CLAIR-DU-RHONE
PM0897	SAINT MAURICE L'EXIL
PM0898	SAINT MARCELLIN
PM0899	CHASSELAY
PM0900	SAINT MARCELLIN
PM0902	ROUSSILLON
PM0903	ROUSSILLON
PM0904	ROUSSILLON
PM0909	LA TOUR-DU-PIN
PM0910	TULLINS
PM0911	LA CHAPELLE DE LA TOUR
PM0912	LA CHAPELLE DE LA TOUR
PM0918	BIOL
PM0919	LA TOUR-DU-PIN
PM0920	CHABONS
PM0921	SAINT CHEF
PM0922	SAINT CHEF
PM0930	ENTRAIGUES
PM0931	VENOSC
PM0933	LIVET-ET-GAVET
PM0936	ENTRAIGUES
PM0938	VILLARD DE LANS
PM0941	PERCY
PM0942	MENS
PM0944	ALLEMONT
PM0945	L'ISLE-D'ABEAU
PM0946	L'ISLE-D'ABEAU
PM0947	LA VERPILLIERE
PM0948	VILLEFONTAINE
PM0951	VIRIEU
PM0952	LA CHAPELLE DE LA TOUR
PM0954	SAINT-SAVIN
PM0955	SAINT-SAVIN
PM0956	NIVOLAS-VERMELLE
PM0957	SAINT-HILAIRE-DE-BRENS
PM0958	SAINT-HILAIRE-DE-BRENS
PM0960	LE BOURG-D'OISANS
PM0961	LE BOURG-D'OISANS
PM0966	HUEZ
PM0967	LE BOURG-D'OISANS
PM0968	HUEZ
PM0969	CORPS
PM0970	CORPS
PM0971	ROUSSILLON
PM0973	ROUSSILLON
PM0974	ASSIEU
PM0976	MARCILLOLES
PM0979	ASSIEU
PM0981	BEAUREPAIRE
PM0982	REVEL-TOURDAN
PM0984	MARCILLOLES
PM0990	CHATONNAY
PM0994	CHABONS
PM0995	PENOL
PM0996	CHABONS
PM0999	SAINT-QUENTIN-FALLAVIER
PM1000	NIVOLAS-VERMELLE
PM1001	NIVOLAS-VERMELLE
PM1002	PERCY
PM1004	VILLEFONTAINE
PM1005	SAINT-SIMEON-DE-BRESSIEUX
PM1006	VILLEFONTAINE
PM1010	SAINT-HILAIRE-DE-LA-COTE
PM1011	VINAY
PM1012	BEAUREPAIRE
PM1020	LA TOUR-DU-PIN
PM1021	VOREPPE
PM1022	VOREPPE
PM1023	VOREPPE
PM1024	VOREPPE
PM1025	VOREPPE
PM1026	VOREPPE
PM1030	CHABONS
PM2160	HUEZ
PM2790	MONTBONNOT-SAINT-MARTIN
